<?xml version="1.0" encoding="UTF-8"?>
<project-private xmlns="http://www.netbeans.org/ns/project-private/1">
    <editor-bookmarks xmlns="http://www.netbeans.org/ns/editor-bookmarks/2" lastBookmarkId="0"/>
    <open-files xmlns="http://www.netbeans.org/ns/projectui-open-files/2">
        <group name="Examen">
            <file>file:/D:/Usuarios/wmartinl01/Desktop/Ejercicio3/src/ejercicio3/Constantes.java</file>
            <file>file:/D:/Usuarios/wmartinl01/Desktop/Ejercicio3/src/ejercicio3/VentajaJuego.java</file>
        </group>
    </open-files>
</project-private>
